Workbook
Name Slicer_Product: #N/A
Name Slicer_Product1: #N/A
Name Slicer_Region: #N/A
Name Slicer_Region1: #N/A
Name Slicer_Salesperson: #N/A

Sheet pivot 1
A3: Row Labels | B3: Sum of Total Sales
A4: South | B4: 84000
A5: Grand Total | B5: 84000

Sheet pivot3
A3: Row Labels | B3: Sum of Total Sales
A4: Laptop | B4: 608000
A5: Phone | B5: 602500
A6: Tablet | B6: 331500
A7: Grand Total | B7: 1542000

Sheet pivot 2
B3: Row Labels | C3: Sum of Total Sales
B4: Aman | C4: 522000
B5: Karan | C5: 341000
B6: Neha | C6: 357500
B7: Riya | C7: 321500
B8: Grand Total | C8: 1542000

Sheet sales_data 
A1: Order ID | B1: Order Date | C1: Region | D1: Salesperson | E1: Product | F1: Quantity | G1: Unit Price | H1: Total Sales | I1: Sale Category
A2: 1001 | B2: 46054 | C2: North | D2: Aman | E2: Laptop | F2: 2 | G2: 50000 | H2: =F2*G2 -> 100000 | I2: =IF(H2>100000,"High",IF(H2>=50000,"Medium","Low")) -> Medium
A3: 1002 | B3: 46055 | C3: South | D3: Riya | E3: Phone | F3: 5 | G3: 20000 | H3: =F3*G3 -> 100000 | I3: =IF(H3>100000,"High",IF(H3>=50000,"Medium","Low")) -> Medium
A4: 1003 | B4: 46055 | C4: East | D4: Karan | E4: Tablet | F4: 3 | G4: 15000 | H4: =F4*G4 -> 45000 | I4: =IF(H4>100000,"High",IF(H4>=50000,"Medium","Low")) -> Low
A5: 1004 | B5: 46056 | C5: West | D5: Neha | E5: Laptop | F5: 1 | G5: 52000 | H5: =F5*G5 -> 52000 | I5: =IF(H5>100000,"High",IF(H5>=50000,"Medium","Low")) -> Medium
A6: 1005 | B6: 46056 | C6: North | D6: Aman | E6: Phone | F6: 4 | G6: 21000 | H6: =F6*G6 -> 84000 | I6: =IF(H6>100000,"High",IF(H6>=50000,"Medium","Low")) -> Medium
A7: 1006 | B7: 46057 | C7: South | D7: Riya | E7: Tablet | F7: 6 | G7: 14000 | H7: =F7*G7 -> 84000 | I7: =IF(H7>100000,"High",IF(H7>=50000,"Medium","Low")) -> Medium
A8: 1007 | B8: 46058 | C8: East | D8: Karan | E8: Laptop | F8: 2 | G8: 51000 | H8: =F8*G8 -> 102000 | I8: =IF(H8>100000,"High",IF(H8>=50000,"Medium","Low")) -> High | K8: laptop | L8: =SUMIFS(H2:H21,E2:E21,"Laptop") -> 608000
A9: 1008 | B9: 46058 | C9: West | D9: Neha | E9: Phone | F9: 3 | G9: 22000 | H9: =F9*G9 -> 66000 | I9: =IF(H9>100000,"High",IF(H9>=50000,"Medium","Low")) -> Medium | K9: phone | L9: =SUMIFS(H2:H21,E2:E21,"Phone ") -> 602500
A10: 1009 | B10: 46059 | C10: North | D10: Aman | E10: Tablet | F10: 5 | G10: 13000 | H10: =F10*G10 -> 65000 | I10: =IF(H10>100000,"High",IF(H10>=50000,"Medium","Low")) -> Medium | K10: tablet | L10: =SUMIFS(H2:H21,E2:E21,"Tablet") -> 331500
A11: 1010 | B11: 46059 | C11: South | D11: Riya | E11: Laptop | F11: 1 | G11: 53000 | H11: =F11*G11 -> 53000 | I11: =IF(H11>100000,"High",IF(H11>=50000,"Medium","Low")) -> Medium
A12: 1011 | B12: 46060 | C12: East | D12: Karan | E12: Phone | F12: 4 | G12: 19500 | H12: =F12*G12 -> 78000 | I12: =IF(H12>100000,"High",IF(H12>=50000,"Medium","Low")) -> Medium
A13: 1012 | B13: 46060 | C13: West | D13: Neha | E13: Tablet | F13: 2 | G13: 16000 | H13: =F13*G13 -> 32000 | I13: =IF(H13>100000,"High",IF(H13>=50000,"Medium","Low")) -> Low
A14: 1013 | B14: 46061 | C14: North | D14: Aman | E14: Laptop | F14: 3 | G14: 49000 | H14: =F14*G14 -> 147000 | I14: =IF(H14>100000,"High",IF(H14>=50000,"Medium","Low")) -> High
A15: 1014 | B15: 46061 | C15: South | D15: Riya | E15: Phone | F15: 2 | G15: 20500 | H15: =F15*G15 -> 41000 | I15: =IF(H15>100000,"High",IF(H15>=50000,"Medium","Low")) -> Low | O15: neha | P15: =SUMIFS(H2:H21,D2:D21,"Neha") -> 0
A16: 1015 | B16: 46062 | C16: East | D16: Karan | E16: Tablet | F16: 4 | G16: 15500 | H16: =F16*G16 -> 62000 | I16: =IF(H16>100000,"High",IF(H16>=50000,"Medium","Low")) -> Medium | O16: riya | P16: =SUMIFS(H2:H21,D2:D21,"Riya") -> 321500
A17: 1016 | B17: 46062 | C17: West | D17: Neha | E17: Laptop | F17: 2 | G17: 50000 | H17: =F17*G17 -> 100000 | I17: =IF(H17>100000,"High",IF(H17>=50000,"Medium","Low")) -> Medium | O17: karan | P17: =SUMIFS(H2:H21,D2:D21,"Karan ") -> 341000
A18: 1017 | B18: 46063 | C18: North | D18: Aman | E18: Phone | F18: 6 | G18: 21000 | H18: =F18*G18 -> 126000 | I18: =IF(H18>100000,"High",IF(H18>=50000,"Medium","Low")) -> High | O18: aman | P18: =SUMIFS(H2:H21,D2:D21,"Aman ") -> 522000
A19: 1018 | B19: 46063 | C19: South | D19: Riya | E19: Tablet | F19: 3 | G19: 14500 | H19: =F19*G19 -> 43500 | I19: =IF(H19>100000,"High",IF(H19>=50000,"Medium","Low")) -> Low
A20: 1019 | B20: 46064 | C20: East | D20: Karan | E20: Laptop | F20: 1 | G20: 54000 | H20: =F20*G20 -> 54000 | I20: =IF(H20>100000,"High",IF(H20>=50000,"Medium","Low")) -> Medium
A21: 1020 | B21: 46064 | C21: West | D21: Neha | E21: Phone | F21: 5 | G21: 21500 | H21: =F21*G21 -> 107500 | I21: =IF(H21>100000,"High",IF(H21>=50000,"Medium","Low")) -> High
G22: Total Revenue - | H22: =SUM(H2:H21) -> 1542000
G23: Average- | H23: =AVERAGE(H2:H21) -> 77100

Sheet Sales Dashboard 
A1: Order ID | B1: Order Date | C1: Region | D1: Salesperson | E1: Product | F1: Quantity | G1: Unit Price | H1: Total Sales
A2: 1001 | B2: 46054 | C2: North | D2: Aman | E2: Laptop | F2: 2 | G2: 50000 | H2: =F2*G2 -> 100000
A3: 1002 | B3: 46055 | C3: South | D3: Riya | E3: Phone | F3: 5 | G3: 20000 | H3: =F3*G3 -> 100000 | K3: Row Labels | L3: Sum of Total Sales
A4: 1003 | B4: 46055 | C4: East | D4: Karan | E4: Tablet | F4: 3 | G4: 15000 | H4: =F4*G4 -> 45000 | K4: West | L4: 100000
A5: 1004 | B5: 46056 | C5: West | D5: Neha | E5: Laptop | F5: 1 | G5: 52000 | H5: =F5*G5 -> 52000 | K5: Grand Total | L5: 100000
A6: 1005 | B6: 46056 | C6: North | D6: Aman | E6: Phone | F6: 4 | G6: 21000 | H6: =F6*G6 -> 84000
A7: 1006 | B7: 46057 | C7: South | D7: Riya | E7: Tablet | F7: 6 | G7: 14000 | H7: =F7*G7 -> 84000
A8: 1007 | B8: 46058 | C8: East | D8: Karan | E8: Laptop | F8: 2 | G8: 51000 | H8: =F8*G8 -> 102000
A9: 1008 | B9: 46058 | C9: West | D9: Neha | E9: Phone | F9: 3 | G9: 22000 | H9: =F9*G9 -> 66000
A10: 1009 | B10: 46059 | C10: North | D10: Aman | E10: Tablet | F10: 5 | G10: 13000 | H10: =F10*G10 -> 65000
A11: 1010 | B11: 46059 | C11: South | D11: Riya | E11: Laptop | F11: 1 | G11: 53000 | H11: =F11*G11 -> 53000
A12: 1011 | B12: 46060 | C12: East | D12: Karan | E12: Phone | F12: 4 | G12: 19500 | H12: =F12*G12 -> 78000
A13: 1012 | B13: 46060 | C13: West | D13: Neha | E13: Tablet | F13: 2 | G13: 16000 | H13: =F13*G13 -> 32000
A14: 1013 | B14: 46061 | C14: North | D14: Aman | E14: Laptop | F14: 3 | G14: 49000 | H14: =F14*G14 -> 147000
A15: 1014 | B15: 46061 | C15: South | D15: Riya | E15: Phone | F15: 2 | G15: 20500 | H15: =F15*G15 -> 41000
A16: 1015 | B16: 46062 | C16: East | D16: Karan | E16: Tablet | F16: 4 | G16: 15500 | H16: =F16*G16 -> 62000
A17: 1016 | B17: 46062 | C17: West | D17: Neha | E17: Laptop | F17: 2 | G17: 50000 | H17: =F17*G17 -> 100000
... A21: 1020 | B21: 46064 | C21: West | D21: Neha | E21: Phone | F21: 5 | G21: 21500 | H21: =F21*G21 -> 107500
G22: Total Revenue - | H22: =SUM(H2:H21) -> 1542000
G23: Average- | H23: =AVERAGE(H2:H21) -> 77100

Sheet Dashboard 
A1: Total Sales | B1: Total Orders | C1: Top Region | D1: Top Salesperson | E1: Best Selling Product
A2: =SUM('sales_data '!H2:H21) -> 1542000 | B2: =COUNT('sales_data '!H2:H21) -> 20 | C2: =SUMIFS('sales_data '!H2:H21,'sales_data '!C2:C21,"North") -> 373000 | D2: =SUMIFS('sales_data '!H2:H21,'sales_data '!D2:D21,"Neha ") -> 357500 | E2: 608000 | J2: a- order id | K2: b- salesperson | L2: c- region
C3: =SUMIFS('sales_data '!H2:H21,'sales_data '!C2:C21,"South") -> 237500 | D3: 321500 | E3: 602500 | G3: ="Sales Dashboard-"&TODAY() -> Sales Dashboard-46111 | J3: d- product | K3: e - sales
C4: =SUMIFS('sales_data '!H2:H21,'sales_data '!C2:C21,"West") -> 150000 | D4: 341000 | E4: 331500
C5: =SUMIFS('sales_data '!H2:H21,'sales_data '!C2:C21,"East") -> 239000 | D5: 522000
C6: Max- 373000 | D6: Max- 522000 | E6: Max - 608000
C7: Top - North | D7: Top - Neha | E7: Best - Laptop
